Block,FIX,FixMarkerNonTarget,FixMarkerTarget,ITI,ITIMarkerNonTarget,ITIMarkerTarget,StimDuration,StimMarkerNonTarget,StimMarkerTarget,Subject,TaskDescription,TrialNum,hasResponse,isTarget,nonTargetKey,targetKey,time_FIX,time_ITI,time_memset
2,0,40,50,2.03574703097155,42,52,1,41,51,1,Oddball_Task,1,0,0,m,c,25760.8506671,25758.8155956,25760.8649984
2,0,40,50,1.97844540390683,42,52,1,41,51,1,Oddball_Task,2,0,0,m,c,25763.923634,25761.9385203,25763.9340832
2,0,40,50,2.04120921760392,42,52,1,41,51,1,Oddball_Task,3,0,0,m,c,25767.032067,25764.9923739,25767.0390593
2,0,40,50,1.90923427812623,42,52,1,41,51,1,Oddball_Task,4,0,0,m,c,25769.9566793,25768.0535554,25769.9720742
2,0,40,50,2.03896572459516,42,52,1,41,51,1,Oddball_Task,5,0,1,m,c,25773.0253013,25770.9891831,25773.0424468
2,0,40,50,1.90688921610058,42,52,1,41,51,1,Oddball_Task,6,0,0,m,c,25775.9606725,25774.058252,25775.9770948
